id	ja	de	fr	es
ex.radio.2.098	牢獄の月を縛る錆びた鎖は…	Die rostigen Ketten der Gefängnismonde...	Les chaînes rouillées des lunes-prisons...	Las cadenas oxidadas de las lunas prisión...
ex.radio.2.099	…太陽によって砕かれる。	...werden von der Sonne zerschmettert.	...sont brisées par le soleil.	...son destrozadas por el sol.
ex.radio.2.100	道を歩めば、地平線は移り変わり…	Ich gehe einen Weg, Horizonte wandeln sich...	Je marche sur une route, les horizons changent...	Recorro un camino, los horizontes cambian...
ex.radio.2.101	…試合は始まった。	...das Turnier hat begonnen.	...le tournoi a commencé.	...el torneo ha comenzado.
ex.radio.2.127	みんな、僕に続け！	Folgt mir, Team!	Suivez-moi, l'équipe !	¡Síganme, equipo!
ex.radio.2.128	ここは同じ場所が繰り返されてるみたい…	Dieser Ort scheint sich zu wiederholen...	Cet endroit semble se répéter...	Parece que este lugar se repite...
ex.radio.2.129	ここを出るにはリセットしよう！	Wir sollten neu starten, um hier rauszukommen!	Il faut réinitialiser pour sortir d'ici !	¡Reiniciemos para salir de aquí!
ex.radio.2.130	ここで騒いでるのは誰だ！？	Wer macht hier so einen Lärm?!	Qui fait tout ce bruit ici ?!	¡¿Quién hace tanto ruido aquí?!
ex.radio.2.131	これ以上は進ませねえぞ、小僧！	Hier kommst du nicht weiter, Bürschchen!	Tu n'iras pas plus loin, minable !	¡No pasarás de aquí, mocoso!
ex.radio.2.132	今すぐやめろ！	Hör sofort damit auf!	Arrête ça tout de suite !	¡Deja de hacer eso ahora mismo!
ex.radio.2.133	やれるものならやってみろ…	Versuch's doch...	Essaie donc, pour voir...	Inténtalo, si te atreves...
ex.radio.2.134	焼き尽くしてやる！	Ich werde dich verbrennen!	Je vais te réduire en cendres !	¡Voy a achicharrarte!
ex.radio.2.135	へっ、思ったよりはやるじゃねえか！	He, du bist stärker als gedacht!	Hé, tu es moins faible que prévu !	¡Je, no eres tan débil como creía!
ex.radio.2.136	くそっ！まだ終わっちゃいねえ！	Argh! Ich bin noch nicht fertig mit dir!	Argh ! Je n'en ai pas fini avec toi !	¡Argh! ¡Aún no he terminado contigo!
ex.radio.2.137	ぐわああ！ありえねえ！！	Uarghhh! Das ist unmöglich!!	Aaargh ! C'est impossible !!	¡¡Aaargh! ¡¡Esto es imposible!!
ex.radio.2.138	ローリングを忘れるな！	Vergiss die Fassrolle nicht!	N'oublie pas de faire des tonneaux !	¡No olvides hacer toneles!
ex.radio.2.139	こうすると敵の攻撃をほとんど防げる！	So blockst du die meisten Angriffe!	Cela bloque la plupart des attaques !	¡Así bloqueas la mayoría de los ataques!
ex.radio.2.140	機体を傾けるのも大事だ！LかRを押し続けると…	Neigen ist auch wichtig! Halte L oder R...	Incliner le vaisseau compte aussi ! Maintiens L ou R...	¡Inclinar la nave también importa! Mantén L o R...
ex.radio.2.141	その方向に素早く移動できる！	...um dich in diese Richtung schneller zu bewegen!	...pour te déplacer plus vite dans cette direction !	...¡para moverte más rápido en esa dirección!
ex.radio.2.142	bsnes 1.51がベースだね。楽しんで！	Das basiert auf bsnes 1.51. Viel Spaß!	Basé sur bsnes 1.51. Amuse-toi bien !	Está basado en bsnes 1.51. ¡Disfruta!
ex.radio.2.143	MiSTerかAnalogue Pocketだね！すごい！	Du nutzt MiSTer oder Analogue Pocket! Cool!	Tu es sur MiSTer ou Analogue Pocket ! Super !	¡Usas MiSTer o Analogue Pocket! ¡Genial!
ex.radio.2.144	Snes9xベースだ。オーバークロックしよう！	Das basiert auf Snes9x. Übertakte es!	Basé sur Snes9x : overclocke-le !	Está basado en Snes9x. ¡Hazle overclock!
ex.radio.2.145	待て、ZSNESで動くのか？一応は…	Moment, das läuft auf ZSNES? So ungefähr...	Ça tourne sur ZSNES ? Plus ou moins...	¿Esto funciona en ZSNES? Más o menos...
ex.radio.2.146	任天堂の公式エミュレーター、Canoeだね！	Du nutzt Canoe, Nintendos offiziellen Emulator!	Tu utilises Canoe, l'émulateur officiel de Nintendo !	¡Usas Canoe, el emulador oficial de Nintendo!
ex.radio.2.147	SD2SNESかFXPAKだ！実機は最高！	Das ist ein SD2SNES oder FXPAK! Hardware ist klasse!	C'est un SD2SNES ou FXPAK ! Vive le matériel !	¡Es un SD2SNES o FXPAK! ¡Viva el hardware!
ex.radio.2.148	bsnes-plusらしいね。全部オーバークロックだ！	Sieht nach bsnes-plus aus. Alles übertakten!	On dirait bsnes-plus. Overclocke tout !	Parece bsnes-plus. ¡Haz overclock a todo!
ex.radio.2.149	Mesenか。素晴らしい選択だ。	Mesen. Eine hervorragende Wahl.	Mesen : un excellent choix.	Mesen: una elección excelente.
ex.radio.2.150	aresを検出！なんて正確なんだ！	Ares erkannt. Wie präzise!	Ares détecté : quelle précision !	¡Ares detectado! ¡Qué precisión!
ex.radio.2.151	本物の実機！？まさか！！	Echte Hardware?! Unmöglich!!	Du vrai matériel ?! Incroyable !!	¡¿Hardware real?! ¡¡No puede ser!!
ex.radio.2.152	Analogue Super Ntだね！すごい！	Das ist ein Analogue Super Nt! Cool!	C'est un Analogue Super Nt ! Super !	¡Es un Analogue Super Nt! ¡Genial!
ex.radio.2.153	スーパーFX3！！引き裂け！！	Super FX 3!! Reiß und zerfetze!!	Super FX 3 !! Déchire et massacre !!	¡¡Super FX 3!! ¡¡Desgarra y destroza!!
ex.radio.2.154	まさか！MSU-1！？ありえない！	Was?! MSU-1?! Unmöglich!	Quoi ?! MSU-1 ?! Impossible !	¡¿Qué?! ¡¿MSU-1?! ¡Imposible!
ex.radio.2.102	主が私を呼んだということは…	Wenn der Meister mich gerufen hat...	Si le maître m'a appelé...	Si el amo me ha llamado...
ex.radio.2.103	事態は深刻らしいな！	...muss es schlimm stehen!	...la situation doit être grave !	...¡la situación debe de ser grave!
ex.radio.2.104	かかってこい！…クレイグ！	Stell dich mir! ...Craig!	Viens m'affronter ! ...Craig !	¡Ven a enfrentarte a mí! ...¡Craig!
ex.radio.2.105	す…すまない、マ…	Es... Es tut mir leid, Mar...	Je... Je suis désolé, Mar...	Yo... Lo siento, Mar...
ex.radio.2.106	こうすると機体が速く移動するぞ！	So bewegt sich dein Schiff schneller!	Cela permet à ton vaisseau de se déplacer plus vite !	¡Así tu nave se mueve más rápido!
ex.radio.2.107	ここがどこだか分からないくらいだ…	Ich erkenne diesen Ort kaum wieder...	Je reconnais à peine cet endroit...	Apenas reconozco este lugar...
ex.radio.2.108	ここが故郷？変わり果てている…	Das ist meine Heimat? Nicht wiederzuerkennen...	C'est chez moi ? Méconnaissable...	¿Este es mi hogar? Está irreconocible...
ex.radio.2.109	何があったんだ？ひどすぎる！	Was ist hier passiert? Furchtbar!	Que s'est-il passé ici ? C'est affreux !	¿Qué ha pasado aquí? ¡Es horrible!
ex.radio.2.110	これは…そんなはずは…	Ist das... Das kann nicht sein...	Est-ce que... C'est impossible...	¿Es esto...? No puede ser...
ex.radio.2.111	なぜこんなことをしたんだ！？	Warum haben sie das alles getan?!	Pourquoi ont-ils fait tout ça ?!	¡¿Por qué han hecho todo esto?!
ex.radio.2.112	この落とし前はつけてもらうぞ…	Dafür wird jemand bezahlen...	Quelqu'un va payer pour tout ça...	Alguien va a pagar por todo esto...
ex.radio.2.113	どうだ、いい眺めだろう？	Na, wie ist die Aussicht?	Alors, comment est la vue ?	Dime, ¿qué tal la vista?
ex.radio.2.114	何！？お前は誰だ！？	Was?! Wer bist du?!	Quoi ?! Qui es-tu ?!	¡¿Qué?! ¡¿Quién eres?!
ex.radio.2.115	ここまでだ、フォックス！	Endstation, Fox!	Terminus, Fox !	¡Hasta aquí llegaste, Fox!
ex.radio.2.116	待て…あれは…	Warte... Ist das...	Attends... C'est...	Espera... ¿Eso es...?
ex.radio.2.117	…おい、こいつはどう操縦するんだ！？	...Hey, wie steuert man das Ding?!	...Hé, comment on pilote ce truc ?!	...¡¿Cómo se pilota esta cosa?!
ex.radio.2.118	いやああ！！	Neeeein!!	Noooon !!	¡¡Noooo!!
ex.radio.2.119	全機、エンジンを切れ！急げ！	Alle die Triebwerke abschalten! Schnell!	Coupez tous vos moteurs ! Vite !	¡Todos, apaguen los motores! ¡Rápido!
ex.radio.2.120	…何が起きた？	...Was ist passiert?	...Que s'est-il passé ?	...¿Qué ha pasado?
ex.radio.2.121	き、機体が反応しなくなった！	Mein S-Schiff reagiert nicht mehr!	Mon v-vaisseau ne répond plus !	¡Mi n-n-nave dejó de responder!
ex.radio.2.122	隕石が全部破壊された…	Alle Meteore wurden zerstört...	Tous ces météores ont été détruits...	Todos esos meteoros fueron destruidos...
ex.radio.2.123	一瞬システムが停止したぞ！	Meine Systeme sind kurz ausgefallen!	Mes systèmes se sont coupés un instant !	¡Mis sistemas fallaron por un momento!
ex.radio.2.124	本当に気をつけないと！	Wir müssen sehr vorsichtig sein!	Il faut vraiment faire attention !	¡Tenemos que tener mucho cuidado!
ex.radio.2.125	みんな、ゆっくり行こう…	Gehen wir's langsam an, Leute...	Allons-y doucement, les amis...	Vayamos despacio, chicos...
ex.radio.2.126	慎重に近づこう、フォックス。	Nähern wir uns vorsichtig, Fox.	Approchons prudemment, Fox.	Acerquémonos con cautela, Fox.
ex.radio.1.237	みんな、こ、怖いよ！ケロッ！	Leute, ich habe A-Angst! Quak!	Les amis, j'ai p-peur ! Croâ !	¡Chicos, tengo m-m-miedo! ¡Croac!
ex.radio.1.238	決着をつけよう！あと少しだ！	Bringen wir's zu Ende! Fast geschafft!	Finissons-en ! On y est presque !	¡Acabemos con esto! ¡Ya casi llegamos!
ex.radio.1.239	フォックス、お前は本当に父親そっくりだ…	Fox, du bist deinem Vater so ähnlich...	Fox, tu ressembles tellement à ton père...	Fox, te pareces tanto a tu padre...
ex.radio.1.240	静かすぎるくらいだな…	Es ist fast zu ruhig...	C'est presque trop calme...	Está casi demasiado tranquilo...
ex.radio.1.241	罠のような気がする…	Das fühlt sich wie eine Falle an...	On dirait un piège...	Esto parece una trampa...
ex.radio.1.242	何だか落ち着かないな…	Irgendetwas macht mich nervös...	Quelque chose me met les nerfs à vif...	Algo me tiene en tensión...
ex.radio.1.243	フォックス、今度は俺たちにも残しておけよ！	Fox, lass diesmal auch welche für uns übrig!	Fox, essaie de nous en laisser cette fois !	¡Fox, intenta dejarnos algunos esta vez!
ex.radio.1.244	よし！報酬をもらいに行くぞ！	Alles klar! Holen wir uns unseren Lohn!	Très bien ! Allons toucher notre paie !	¡Muy bien! ¡Vamos a cobrar!
ex.radio.1.245	今度は何に巻き込んだんだ、フォックス？	Wo hast du mich diesmal reingeritten, Fox?	Dans quoi tu m'as embarqué cette fois, Fox ?	¿En qué me has metido esta vez, Fox?
ex.radio.1.246	フォックス？どこへ行った？仲間を置いてきたのか？すぐに連絡して助けるんだ！	Fox? Wo bist du? Hast du dein Team zurückgelassen? Melde dich schnell und hilf ihm!	Fox ? Où es-tu ? Tu as laissé ton équipe derrière ? Contacte-la vite et aide-la !	¿Fox? ¿Dónde estás? ¿Dejaste atrás a tu equipo? ¡Comunícate enseguida y ayúdalo!
ex.radio.1.247	スイセイ	SUISEI	SUISEI	SUISEI
ex.radio.1.248	緑ヨッシーモード、タマゴ攻撃！	Grüner Yoshi-Modus: Eierangriff!	Mode Yoshi vert : attaque aux œufs !	¡Modo Yoshi verde, ataque de huevos!
ex.radio.1.249	赤ヨッシーモード、炎攻撃！	Roter Yoshi-Modus: Feuerangriff!	Mode Yoshi rouge : attaque de feu !	¡Modo Yoshi rojo, ataque de fuego!
ex.radio.1.250	青ヨッシーモード、回復と防御！	Blauer Yoshi-Modus: Heilen und verteidigen!	Mode Yoshi bleu : soin et défense !	¡Modo Yoshi azul, curación y defensa!
ex.radio.1.251	もう我慢ならん！	Jetzt reicht's!	Ça suffit !	¡Se acabó!
ex.radio.1.252	もう怒ったぞ！	Jetzt bin ich wütend!	Maintenant, je suis en colère !	¡Ahora sí que estoy furioso!
ex.radio.1.217	黒幕が誰だろうと、ただじゃおかないぜ！	Wer dahintersteckt, ist erledigt!	Le responsable de tout ça est cuit !	¡Quien esté detrás de esto está acabado!
ex.radio.1.218	何のために戦う？金か？名誉か？金だな。	Warum machen wir das? Geld? Ruhm? Geld.	Pourquoi on fait ça ? L'argent ? La gloire ? L'argent.	¿Por qué hacemos esto? ¿Dinero? ¿Gloria? Dinero.
ex.radio.1.219	月の暗い側だ！	Das ist die dunkle Seite des Mondes!	C'est le côté obscur de la lune !	¡Es el lado oscuro de la luna!
ex.radio.1.220	ここならふわふわ飛んでいきそうだね…	Hier könnten wir einfach davonschweben...	On dirait qu'on pourrait partir à la dérive ici...	Parece que aquí podríamos salir flotando...
ex.radio.1.221	静かだ…静かすぎる…	Es ist ruhig... Zu ruhig...	C'est calme... Trop calme...	Está tranquilo... Demasiado tranquilo...
ex.radio.1.222	な、なんだかぞっとするよ…	Irgendetwas macht mir A-Angst...	Quelque chose me donne la t-trouille...	Algo me da e-e-escalofríos...
ex.radio.1.223	罠のようだ。前を見ろ！	Riecht nach einer Falle. Augen nach vorn!	Ça sent le piège. Regarde devant !	Parece una trampa. ¡Ojos al frente!
ex.radio.1.224	嫌な予感がするぞ、フォックス…	Ich habe ein ungutes Gefühl, Fox...	J'ai un mauvais pressentiment, Fox...	Tengo un mal presentimiento, Fox...
ex.radio.1.225	メトロイドに気をつけて！	Vorsicht vor den Metroids!	Attention à ces Métroïdes !	¡Cuidado con esos metroides!
ex.radio.1.226	前のあいつら、しつこくくっつくぞ…	Die Dinger da vorne klammern sich fest...	Ces choses devant s'accrochent...	Esas cosas de delante se pegan...
ex.radio.1.227	ローリングが必要になるかもな！	Vielleicht brauchst du ein paar Fassrollen!	Tu devras peut-être faire des tonneaux !	¡Puede que necesites hacer unos toneles!
ex.radio.1.228	こいつらを引きはがして！ケロッ！	Mach uns diese Dinger weg! Quak!	Débarrasse-nous de ces choses ! Croâ !	¡Quítanos estas cosas de encima! ¡Croac!
ex.radio.1.229	おい、機体がぬるぬるになっちまったぞ！	Leute, mein Schiff ist jetzt voller Schleim!	Les gars, mon vaisseau est tout gluant !	¡Mi nave está toda pringosa, chicos!
ex.radio.1.230	こいつらは容赦ないな…	Diese Dinger geben niemals auf...	Ces choses sont implacables...	Estas cosas no dan tregua...
ex.radio.1.231	ここの空はきれいだね！ケロッ！	Der Himmel ist hier so schön! Quak!	Le ciel est si beau ici ! Croâ !	¡El cielo aquí es precioso! ¡Croac!
ex.radio.1.232	忘れるな、休暇じゃないぞ、フォックス！	Wir sind nicht im Urlaub, Fox!	On n'est pas en vacances, Fox !	¡Recuerda que no estamos de vacaciones, Fox!
ex.radio.1.233	引退したらここに住みたいもんだ…	Hier könnte ich meinen Ruhestand verbringen...	Je prendrais bien ma retraite ici...	Podría jubilarme por aquí...
ex.radio.1.234	これ、いつか終わるの！？	Hört das denn nie auf?!	Ça va s'arrêter un jour ?!	¡¿Esto se acabará alguna vez?!
ex.radio.1.235	近くに相当強い何かがいる…	Etwas sehr Starkes ist ganz in der Nähe...	Quelque chose de très puissant est tout près...	Hay algo muy poderoso cerca...
ex.radio.1.236	突破しよう！もうすぐ終わりだ！	Kämpfen wir uns durch! Fast geschafft!	On continue ! On touche au but !	¡Sigamos adelante! ¡Ya casi llegamos!
ex.radio.1.197	やあ、仲間たち！	Hey, Paisanos!	Salut, paisanos !	¡Eh, paisanos!
ex.radio.1.198	もうすぐパワー全開で遊べるぞ…！	Gleich spielst du mit voller Power...!	Bientôt, tu vas jouer avec la puissance... !	¡Pronto jugarás con todo el poder...!
ex.radio.1.199	パスタパワー！	Pasta-Power!	La puissance des pâtes !	¡El poder de la pasta!
ex.radio.1.200	びっくりした？また僕たちだ！	Überraschung! Wir sind's wieder.	Surprise ! C'est encore nous.	¡Sorpresa! Somos nosotros otra vez.
ex.radio.1.201	そろそろお前を放り込もう…	Jetzt stecken wir dich...	Il est temps de te jeter...	Es hora de meterte...
ex.radio.1.202	銀河間生ゴミ処理機にな！	...in den intergalaktischen Müllzerkleinerer!	...dans le broyeur intergalactique !	...¡en el triturador intergaláctico!
ex.radio.1.203	僕だよ…ミスターL！	Ich bin's... Mister L!	C'est moi... Mister L !	¡Soy yo... el Sr. L!
ex.radio.1.204	そして俺、赤い稲妻だ！	Und ich, der rote Blitz!	Et moi, l'Éclair rouge !	¡Y yo, el Rayo Rojo!
ex.radio.1.205	お前を海に葬ってやる！	Wir verpassen dir ein Seemannsgrab!	On va t'offrir une sépulture en mer !	¡Vamos a enterrarte en el mar!
ex.radio.1.206	いや、その、宇宙にだ。覚悟しろ！	Oder, äh, im All. Nimm das!	Enfin, euh, dans l'espace. En garde !	O, eh, en el espacio. ¡En guardia!
ex.radio.1.207	あそこに、つ、強い何かがいる！	Da vorne ist etwas S-Starkes!	Il y a quelque chose de p-puissant devant !	¡Hay algo p-p-poderoso delante!
ex.radio.1.208	フォックス、センサーが振り切れてる！	Fox, meine Sensoren schlagen voll aus!	Fox, mes capteurs dépassent les limites !	¡Fox, mis sensores se salen de la escala!
ex.radio.1.209	前方に強力な物体を検知した！	Ich erfasse ein mächtiges Objekt voraus!	Je détecte un objet puissant devant !	¡Detecto un objeto poderoso delante!
ex.radio.1.210	注意して！前方に隕石がいっぱいだ！	Vorsicht! Viele Meteore voraus!	Attention ! Beaucoup de météores devant !	¡Cuidado! ¡Hay muchos meteoros delante!
ex.radio.1.211	油断するな！前方に隕石だ！	Nicht übermütig werden! Meteore voraus!	Ne fais pas le malin ! Météores devant !	¡No te confíes! ¡Meteoros delante!
ex.radio.1.212	隕石の間を慎重に飛べ！	Flieg vorsichtig durch die Meteore!	Vole prudemment entre ces météores !	¡Vuela con cuidado entre esos meteoros!
ex.radio.1.213	ま、また始まったね！ケロッ！	Es g-geht wieder los! Quak!	C'est r-reparti ! Croâ !	¡Y v-v-volvemos a empezar! ¡Croac!
ex.radio.1.214	また楽に稼げる仕事だろ、フォックス？	Wieder leicht verdientes Geld, was, Fox?	Encore de l'argent facile, hein, Fox ?	Otro trabajo de dinero fácil, ¿verdad, Fox?
ex.radio.1.215	いつかこんな仕事は年でできなくなるな…	Irgendwann bin ich zu alt dafür...	Un jour, je serai trop vieux pour ça...	Algún día seré demasiado viejo para esto...
ex.radio.1.216	これを全部やってるのは誰だと思う？	Wer steckt wohl hinter all dem?	Qui est derrière tout ça, à votre avis ?	¿Quién crees que está detrás de todo esto?
ex.radio.1.177	そうはさせないぞ、スターフォックス！	Das lasse ich nicht zu, Star Fox!	Je ne te laisserai pas faire, Star Fox !	¡No puedo permitirlo, Star Fox!
ex.radio.1.178	遊びは終わりだ、スターフォックス！	Die Spielzeit ist vorbei, Star Fox!	La récréation est finie, Star Fox !	¡Se acabó el juego, Star Fox!
ex.radio.1.179	親父にお前の負ける姿を見せたかったぜ！	Schade, dass dein Vater deine Niederlage nicht sieht!	Dommage que ton père ne soit pas là pour te voir échouer !	¡Lástima que tu padre no esté para verte fracasar!
ex.radio.1.180	俺たちの機体に対抗できるかな？	Mal sehen, wie du mit unseren Schiffen fertigwirst!	Voyons comment tu te débrouilles face à nos vaisseaux !	¡Veamos cómo te las arreglas contra nuestras naves!
ex.radio.1.181	アンドルフには絶対に近づけさせん！	Wir lassen dich niemals zu Andross durch!	On ne te laissera jamais atteindre Andross !	¡Nunca te dejaremos llegar hasta Andross!
ex.radio.1.182	調子に乗るな、スターフォックス！	Werd nicht übermütig, Star Fox!	Ne prends pas la grosse tête, Star Fox !	¡No te creas tanto, Star Fox!
ex.radio.1.183	それはどうかな、スターウルフ。	Das werden wir ja sehen, Star Wolf.	C'est ce qu'on va voir, Star Wolf.	Eso ya lo veremos, Star Wolf.
ex.radio.1.184	まさか！信じられん！	Unmöglich! Das glaube ich nicht!	Impossible ! Je n'y crois pas !	¡No puede ser! ¡No me lo creo!
ex.radio.1.185	こんなはずはない！	Das kann nicht wahr sein!	Ça ne peut pas arriver !	¡Esto no puede estar pasando!
ex.radio.1.186	強すぎる！	Er ist zu stark!	Il est trop fort !	¡Es demasiado fuerte!
ex.radio.1.187	うわああああ！！	Aaaaahhhhhh!!!	Aaaaahhhhhh !!!	¡¡¡Aaaaahhhhhh!!!
ex.radio.1.188	腕はいいが、俺の方が上だ。	Du bist gut, aber ich bin besser.	Tu es bon, mais je suis meilleur.	Eres bueno, pero yo soy mejor.
ex.radio.1.189	俺には勝てん！機体の性能が違う！	Du kannst mich nicht schlagen! Mein Schiff ist besser!	Tu ne peux pas me battre ! Mon vaisseau est meilleur !	¡No puedes vencerme! ¡Mi nave es mejor!
ex.radio.1.190	まだだ。パーティーは始まったばかりだ！	Noch nicht. Die Party hat gerade erst begonnen!	Pas encore. La fête ne fait que commencer !	Todavía no. ¡La fiesta acaba de empezar!
ex.radio.1.191	諦めろ。勝ち目はない！	Gib auf. Du kannst nicht gewinnen!	Abandonne. Tu ne peux pas gagner !	Ríndete. ¡No puedes ganar!
ex.radio.1.192	前方に見えた！派手に行くぜ！	Da vorne ist es. Jetzt geht's rund!	Je le vois devant. On va tout donner !	Lo veo delante. ¡A todo ritmo!
ex.radio.1.193	フォックス、だ、だめええ！！	Fox, n-nein!!!!!!	Fox, n-non !!!!!!	¡¡¡Fox, n-n-no!!!
ex.radio.1.194	フォックス、だめだ！！	Fox, nein!!!!!!	Fox, non !!!!!!	¡¡¡Fox, no!!!
ex.radio.1.195	フォックス！！	Fox!!!!!!	Fox !!!!!!	¡¡¡Fox!!!
ex.radio.1.196	こんな終わり方は嫌だ！！	Das darf nicht das Ende sein!!!!!!	Ça ne peut pas être la fin !!!!!!	¡¡¡Esto no puede ser el final!!!
ex.radio.1.161	敵はこの星から来ているようだ。どうか無事に帰ってきてくれ！	Die Feinde scheinen von diesem Planeten zu kommen. Komm heil zurück!	Les ennemis semblent venir de cette planète. Reviens en un seul morceau !	Parece que los enemigos vienen de este planeta. ¡Vuelve de una pieza!
ex.radio.1.162	カザル	KAZARU	KAZARU	KAZARU
ex.radio.1.163	フォックス、この星の空気は呼吸できない。アーウィンから出るな！	Fox, hier gibt es keine Atemluft. Bleibt in euren Arwings!	Fox, l'air de cette planète est irrespirable. Restez dans vos Arwings !	Fox, este planeta no tiene aire respirable. ¡No salgan de los Arwings!
ex.radio.1.164	トリマス	TOLIMAS	TOLIMAS	TOLIMAS
ex.radio.1.165	緑の野原にだまされるな。ここの住民は敵対的だ！	Lass dich nicht von den grünen Wiesen täuschen. Die Bewohner sind feindselig!	Ne te fie pas aux champs verdoyants. Les habitants sont hostiles !	¡No te dejes engañar por sus campos verdes! ¡Sus habitantes son hostiles!
ex.radio.1.166	アルファ	ALPHA	ALPHA	ALPHA
ex.radio.1.167	この星には超能力者か…魔術師がいるらしい。奴の悪行を止めてくれ！	Hier lebt ein Hellseher oder... Zauberer? Beende seinen Unfug!	Un médium, ou... un sorcier, vit ici ? Mets fin à ses agissements !	Aquí vive una especie de psíquico, o... ¿hechicero? ¡Detén sus fechorías!
ex.radio.1.168	サイガード	CYGARD	CYGARD	CYGARD
ex.radio.1.169	月面基地ゲコウが占領された。敵を倒して基地を解放しろ！	Die Mondbasis Gekou wurde überrannt. Vernichte die Feinde und befreie sie!	La base lunaire de Gekou est occupée. Détruis les ennemis et libère-la !	La base lunar de Gekou ha sido tomada. ¡Destruye a los enemigos y libérala!
ex.radio.1.170	ゲコウ	GEKOU	GEKOU	GEKOU
ex.radio.1.171	フォックス、君の故郷が攻撃されている！急いで敵の母艦を止めろ！	Fox, deine Heimat wird angegriffen! Halte schnell ihr Mutterschiff auf!	Fox, ta planète natale est attaquée ! Arrête vite leur vaisseau-mère !	¡Fox, atacan tu planeta natal! ¡Date prisa y detén su nave nodriza!
ex.radio.1.172	パペトゥーン	PAPETOON	PAPETOON	PAPETOON
ex.radio.1.173	この極寒の星で久々に生命反応が出た。敵対するものは全て破壊しろ！	Erstmals seit Langem gibt es Leben auf diesem Eisplaneten. Vernichte alles Feindliche!	Des signes de vie réapparaissent sur cette planète glaciale. Élimine toute menace !	Este planeta helado muestra vida por primera vez en mucho tiempo. ¡Destruye toda amenaza!
ex.radio.1.174	アイス	EIS	EIS	EIS
ex.radio.1.175	クラウドには固い地面がなく、ガスの雲に覆われている。慎重に飛べ、フォックス！	Kuraudo hat keinen festen Boden, nur Gaswolken. Flieg vorsichtig, Fox!	Kuraudo n'a pas de sol ferme et est couverte de nuages gazeux. Vole prudemment, Fox !	Kuraudo no tiene suelo firme y está cubierto de nubes de gas. ¡Vuela con cuidado, Fox!
ex.radio.1.176	クラウド	KURAUDO	KURAUDO	KURAUDO
ex.radio.1.146	このルートは記録にない…幸運を祈る、フォックス！	Diese Route steht in keiner unserer Aufzeichnungen... Viel Glück, Fox!	Cette route ne figure dans aucune de nos archives... Bonne chance, Fox !	Esta ruta no figura en nuestros registros... ¡Buena suerte, Fox!
ex.radio.1.147	ボスが総出で向かってくる！気をつけろ、フォックス！	Alle Bosse kommen auf dich zu! Sei vorsichtig, Fox!	Tous les boss foncent sur toi ! Prudence, Fox !	¡Todos los jefes vienen por ti! ¡Ten cuidado, Fox!
ex.radio.1.148	ここまで来たんだ…進み続けろ！	Du hast es so weit geschafft... Weiter so!	Tu es arrivé jusqu'ici... Continue !	Has llegado hasta aquí... ¡Sigue adelante!
ex.radio.1.149	敵が次々に来る！全て倒せるか？	Sie kommen immer weiter! Kannst du sie alle erledigen?	Ils arrivent sans arrêt ! Peux-tu tous les éliminer ?	¡No dejan de llegar! ¿Puedes acabar con todos?
ex.radio.1.150	残るはアンドルフ本人だけだ。君ならできる、フォックス！	Jetzt fehlt nur noch Andross selbst. Du schaffst das, Fox!	Il ne reste qu'Andross lui-même. Tu peux le faire, Fox !	Solo queda derrotar al propio Andross. ¡Tú puedes, Fox!
ex.radio.1.151	くそっ！なぜだ！？思い知らせてやる…	Argh! Wie?! Dir werde ich's zeigen...	Argh ! Comment ?! Tu vas voir...	¡Argh! ¡¿Cómo?! Ya verás...
ex.radio.1.152	ははっ！力がみなぎる！死ね、フォックス！	Aha! Jetzt bin ich so mächtig! Stirb, Fox!	Ah ! Quelle puissance ! Meurs, Fox !	¡Ajá! ¡Ahora soy tan poderoso! ¡Muere, Fox!
ex.radio.1.153	やっと来たか、フォックス！コーネリアが攻撃されている！	Endlich bist du da, Fox! Corneria wird angegriffen!	Te voilà enfin, Fox ! Corneria est attaquée !	¡Por fin llegas, Fox! ¡Corneria está bajo ataque!
ex.radio.1.154	コーネリア：居住区域	CORNERIA - WOHNGEBIET	CORNERIA - ZONE HABITABLE	CORNERIA: ZONA HABITABLE
ex.radio.1.155	海からの総攻撃だ！軍事基地への侵入を阻止しろ！	Ein Großangriff vom Meer! Halte sie von unserer Militärbasis fern!	Un assaut massif par la mer ! Empêche-les d'atteindre notre base militaire !	¡Es un asalto total por mar! ¡Impide que lleguen a nuestra base militar!
ex.radio.1.156	ペブルビーチ	PEBBLE BEACH	PEBBLE BEACH	PEBBLE BEACH
ex.radio.1.157	この区域は未探索だ。気をつけろ、フォックス！	Dieses Gebiet ist unerforscht. Sei vorsichtig, Fox!	Cette zone est inexplorée. Prudence, Fox !	Esta zona aún no se ha explorado. ¡Ten cuidado, Fox!
ex.radio.1.158	TARKUS-H 2-112	TARKUS-H 2-112	TARKUS-H 2-112	TARKUS-H 2-112
ex.radio.1.159	この宙域に精神兵器が隠されているとの情報だ。破壊しろ！	Laut Geheimdienst ist hier eine psychologische Waffe versteckt. Zerstöre sie!	Selon nos renseignements, une arme psychologique est cachée ici. Détruis-la !	Hay rumores de un arma psicológica oculta en este sector. ¡Destrúyela!
ex.radio.1.160	セクターK	SEKTOR K	SECTEUR K	SECTOR K
ex.radio.1.008	礼を言っとくべきかな…	Ich sollte wohl dankbar sein...	Je suppose que je devrais te remercier...	Supongo que debería darte las gracias...
ex.radio.1.023	敵ども、覚悟しろ！	Euch krieg ich, ihr Feinde!	Je vais vous avoir, les ennemis !	¡Los atraparé, enemigos!
ex.radio.1.046	ケロッ！後ろは任せて、フォックス！	Quak! Ich decke den Rücken, Fox!	Croâ ! Je ferme la marche, Fox !	¡Croac! ¡Cubriré la retaguardia, Fox!
ex.radio.1.070	急げ！助けてくれ！	Schnell! Hilfe!	Vite ! À l'aide !	¡Date prisa! ¡Ayuda!
ex.radio.1.117	前方にアタックキャリアだ！	Der Angriffsträger ist voraus!	Le porte-avions d'attaque est devant !	¡El portaaviones de ataque está delante!
ex.radio.1.118	.	.	.	.
ex.radio.1.119	.	.	.	.
ex.radio.1.120	.	.	.	.
ex.radio.1.124	.	.	.	.
ex.radio.1.143	眺めは楽しめたかね？	Hoffentlich hat dir die Aussicht gefallen!	J'espère que tu as apprécié la vue !	¡Espero que disfrutaras de la vista!
ex.radio.1.144	ほう…景色のいい道を選んだか！	Oh... Du hast die malerische Route genommen!	Oh... Tu as pris la route panoramique !	Ah... ¡Elegiste la ruta panorámica!
ex.radio.1.145	お前の父も惑星ばかり好んでいたな…	Dein Vater mochte auch nur Planeten...	Ton père aussi ne jurait que par les planètes...	Tu padre también prefería solo los planetas...
ex.radio.2.001	ま、松の木の間を抜けよう！	Flieg durch die K-Kiefern!	Passe entre les p-pins !	¡Pasa entre los p-p-pinos!
ex.radio.2.002	木の間を抜けられるか、フォックス？	Kommst du zwischen den Bäumen durch, Fox?	Tu peux passer entre les arbres, Fox ?	¿Puedes volar entre los árboles, Fox?
ex.radio.2.003	あの木の間は通るな、フォックス！	Flieg nicht zwischen diese Bäume, Fox!	Ne passe pas entre ces arbres, Fox !	¡No intentes pasar entre esos árboles, Fox!
ex.radio.2.004	か、風が強くなってきたよ！ケロッ！	Der Wind wird s-stärker! Quak!	Le vent devient plus f-fort ! Croâ !	¡El viento es más f-f-fuerte! ¡Croac!
ex.radio.2.005	みんなも何か感じないか？	Spürt das sonst noch jemand?	Vous sentez ça, vous aussi ?	¿Alguien más siente eso?
ex.radio.2.006	空気がビリビリしてるぜ！	Die Luft knistert vor Strom!	L'air est chargé d'électricité !	¡Siento la electricidad en el aire!
ex.radio.2.007	ひ、低すぎると岩にぶつかるよ！	Nicht zu t-tief, da sind Felsen!	Pas trop b-bas, attention aux rochers !	¡No vueles tan b-b-bajo! ¡Hay rocas!
ex.radio.2.008	妙な山ばかりだな…	Diese Berge sind seltsam...	Ces montagnes sont si étranges...	Estas montañas son muy extrañas...
ex.radio.2.009	観光してる場合じゃないぞ、フォックス！	Keine Zeit zum Sightseeing, Fox!	Ce n'est pas le moment de visiter, Fox !	¡No es hora de hacer turismo, Fox!
ex.radio.2.010	て、敵が多すぎるよ！	Das sind v-viel zu viele!	Ils sont b-beaucoup trop nombreux !	¡Son d-d-demasiados!
ex.radio.2.011	射撃の練習は大歓迎だぜ！	Ich liebe ein bisschen Zielübung!	J'adore m'entraîner au tir !	¡Siempre viene bien practicar el tiro!
ex.radio.2.012	調子に乗るな！集中しろ！	Nicht angeben, konzentrier dich!	Ne frime pas, reste concentré !	¡No presumas ahora! ¡Concéntrate!
ex.radio.2.013	いよいよだね！ケロッ！い、行こう！	Jetzt geht's los! Quak! A-auf geht's!	Ça y est ! Croâ ! On y v-va !	¡Llegó la hora! ¡Croac! ¡V-v-vamos!
ex.radio.2.014	報酬をもらいに行くぞ！	Zeit für unseren Lohn! Los geht's!	Allons toucher notre paie !	¡Hora de cobrar! ¡Vamos!
ex.radio.2.015	これが最後の仕事だ！派手に行くぜ！	Unser letzter Auftrag! Jetzt geht's rund!	Dernier boulot ! On va tout donner !	¡Es nuestro último trabajo! ¡A todo ritmo!
ex.radio.2.016	つ、強いエネルギー反応だよ！	Ich messe h-hohe Energiewerte!	Je détecte une f-forte énergie !	¡D-d-detecto mucha energía!
ex.radio.2.017	この先にいる奴は相当強いぞ！	Was da vorne ist, ist richtig stark!	Ce qui nous attend est très puissant !	¡Lo que hay delante es muy poderoso!
ex.radio.2.018	この先は作戦が必要だ、フォックス！	Ab hier brauchen wir Taktik, Fox!	Il va falloir être tactiques, Fox !	¡Necesitaremos una buena táctica, Fox!
ex.radio.2.019	行こう、フォックス！れ、練習してきたよ！	Komm, Fox! Ich habe g-geübt!	Allez, Fox ! Je me suis e-entraîné !	¡Vamos, Fox! ¡He estado p-p-practicando!
ex.radio.2.020	今度こそ手ごわい相手がいるといいな！	Hoffentlich wird's diesmal anspruchsvoll!	J'espère qu'on aura enfin un vrai défi !	¡Espero un verdadero desafío esta vez!
ex.radio.2.021	よし、フォックス！行くぞ！	Alles klar, Fox! Los geht's!	Très bien, Fox ! On y va !	¡Muy bien, Fox! ¡Vamos allá!
ex.radio.2.022	こ、こんなコーネリアは初めてだよ！	So habe ich Corneria n-noch nie gesehen!	Je n'ai j-jamais vu Corneria comme ça !	¡N-n-nunca había visto Corneria así!
ex.radio.2.023	この星は生命にあふれてるな…	Dieser Planet steckt voller Leben...	Cette planète déborde de vie...	Este planeta está lleno de vida...
ex.radio.2.024	集中しろ！前方に何かいるぞ！	Bleib konzentriert! Da vorne ist etwas!	Reste concentré ! Il y a quelque chose devant !	¡Concéntrate! ¡Hay algo delante!
ex.radio.2.025	こ、ここは本当に乾燥してるね！ケロッ！	Hier ist es wirklich t-trocken! Quak!	C'est vraiment s-sec ici ! Croâ !	¡Aquí está todo muy s-s-seco! ¡Croac!
ex.radio.2.026	この辺には何があるんだろうな。	Was wir hier wohl finden werden?	Je me demande ce qu'on va trouver ici.	Me pregunto qué encontraremos por aquí.
ex.radio.2.027	やっと調子が出てきたぜ！	Ich werde gerade erst warm!	Je commence à peine à m'échauffer !	¡Apenas estoy calentando!
ex.radio.2.028	ま、前の方で音がしなかった？	H-habt ihr das Geräusch da vorne gehört?	Vous avez e-entendu ce bruit devant ?	¿O-o-oíste ese ruido de delante?
ex.radio.2.029	おい、この方向で合ってるのか？	Hey, fliegen wir in die richtige Richtung?	Hé, on va dans la bonne direction ?	Oye, ¿vamos en la dirección correcta?
ex.radio.2.030	レーダーが妨害されてる！	Mein Radar ist völlig gestört!	Mon radar est complètement brouillé !	¡Mi radar está lleno de interferencias!
ex.radio.2.031	うわっ！さ、寒すぎるよ！	Ahh! Es ist zu k-kalt!	Ah ! Il fait trop f-froid !	¡Ah! ¡Hace demasiado f-f-frío!
ex.radio.2.032	羽が凍っちまった！くそっ！	Meine Federn sind gefroren! Argh!	Mes plumes sont gelées ! Argh !	¡Se me congelaron las plumas! ¡Argh!
ex.radio.2.033	この氷に機体が耐えられるといいが！	Hoffentlich halten unsere Schiffe das Eis aus!	Pourvu que nos vaisseaux résistent à cette glace !	¡Espero que las naves resistan este hielo!
ex.radio.2.034	前の方があ、暖かい気がするよ！	Da vorne spüre ich etwas W-Warmes!	Je sens quelque chose de c-chaud devant !	¡Siento algo c-c-caliente delante!
ex.radio.2.035	おっ、羽が動くようになったぜ！	Hey, meine Federn sind wieder frei!	Hé, mes plumes sont dégelées !	¡Eh, mis plumas se descongelaron!
ex.radio.2.036	前方の温度が測定限界を超えてるぞ！	Die Hitze da vorne sprengt die Skala!	La chaleur devant dépasse les limites !	¡La temperatura de delante supera la escala!
ex.radio.2.037	あの雲、か、カエルみたい！	Die Wolke sieht aus wie ein F-Frosch!	Ce nuage ressemble à une g-grenouille !	¡Esa nube parece una r-r-rana!
ex.radio.2.038	雲に見とれてる場合じゃないぞ！	Nicht den Kopf in den Wolken haben!	Ne reste pas la tête dans les nuages !	¡Deja de estar en las nubes!
ex.radio.2.039	おっと、すごくまぶしいな！	Oh je, das ist wirklich hell!	Oh là là, c'est vraiment éblouissant !	¡Vaya, eso sí que deslumbra!
ex.radio.2.040	あの雲、フォックスにそっくりだね！	Die Wolke sieht aus wie du, Fox!	Ce nuage te ressemble, Fox !	¡Esa nube se parece a ti, Fox!
ex.radio.2.041	ちょっと失礼、通るだけさ…	Entschuldigung, ich schwebe nur vorbei...	Pardon, je ne fais que passer...	Disculpa, solo paso flotando...
ex.radio.2.042	レーダーに何か反応があるぞ！	Mein Radar erfasst etwas!	Mon radar détecte quelque chose !	¡Mi radar detecta algo!
ex.radio.2.043	行こう！う、後ろは任せて！	Los! Ich d-decke dir den Rücken!	Allons-y ! Je c-couvre tes arrières !	¡Vamos! ¡Te c-c-cubro la espalda!
ex.radio.2.044	さっさと終わらせて報酬をもらおうぜ！	Bringen wir's zu Ende und kassieren!	Finissons-en et touchons notre paie !	¡Acabemos con esto y cobremos!
ex.radio.2.045	早く引退したいもんだ…	Ich freue mich auf den Ruhestand...	Vivement la retraite...	Ya quiero jubilarme...
ex.radio.2.046	こ、これで最後だといいな…	Hoffentlich ist d-das das Ende...	Pourvu que ce soit la f-fin...	Espero que e-e-esto sea el final...
ex.radio.2.047	これが終わったら休暇だぜ！	Danach ist Urlaub angesagt!	Après ça, à nous les vacances !	¡Después de esto, vacaciones!
ex.radio.2.048	いよいよだ！最後の仕事だぞ！	Jetzt gilt's! Ein letzter Auftrag!	Ça y est ! Un dernier boulot !	¡Llegó la hora! ¡Un último trabajo!
ex.radio.2.049	本当に大騒ぎだね！ケロッ！	Hier geht's wirklich rund! Quak!	C'est vraiment la pagaille ! Croâ !	¡Esto es un caos! ¡Croac!
ex.radio.2.050	ワイパーを交換しておいてよかったぜ！	Gut, dass ich neue Scheibenwischer habe!	Heureusement que j'ai changé mes essuie-glaces !	¡Menos mal que cambié los limpiaparabrisas!
ex.radio.2.051	前方に何か見えるぞ…	Da vorne sehe ich etwas...	Je vois quelque chose devant...	Veo algo más adelante...
ex.radio.2.052	フォックス、ど、どこにいるの？援護して！	Fox, w-wo bist du? Wir brauchen Hilfe!	Fox, où es-tu ? Il nous faut du r-renfort !	¡Fox! ¿D-d-dónde estás? ¡Necesitamos apoyo!
ex.radio.2.053	おい！信号は来てるが姿が見えないぞ！	Hey! Dein Signal ist da, aber ich sehe dich nicht!	Hé ! J'ai ton signal, mais je ne te vois pas !	¡Oye! ¡Recibo tu señal, pero no te veo!
ex.radio.2.054	フォックス、コアは片付けたぞ！どこだ？	Fox, der Kern ist erledigt! Wo bist du?	Fox, on a détruit le noyau ! Où es-tu ?	¡Fox, acabamos con el núcleo! ¿Dónde estás?
ex.radio.2.055	レーダーにみ、見えた！今行くよ、フォックス！	Ich s-sehe dich auf dem Radar! Wir kommen, Fox!	Je te v-vois au radar ! On arrive, Fox !	¡Te v-v-veo en el radar! ¡Ya vamos, Fox!
ex.radio.2.056	フォックス、こっちは心配するな！任せとけ。	Keine Sorge um uns, Fox! Wir schaffen das.	Ne t'en fais pas pour nous, Fox ! On gère.	¡No te preocupes por nosotros, Fox! Podemos con esto.
ex.radio.2.057	位置は分かった。こちらのビーコンを追え！	Wir haben deine Position. Folge unserem Peilsignal!	On a ta position. Suis notre balise !	Tenemos tu posición. ¡Sigue nuestra baliza!
ex.radio.2.058	へえ、あの有名なスターフォックスか！	Na so was. Der berühmte Star Fox!	Tiens donc. Le célèbre Star Fox !	Vaya, ¡el famoso Star Fox!
ex.radio.2.059	今度は俺が仕切らせてもらうぜ。	Diesmal übernehme ich das Kommando.	Cette fois, c'est moi qui prends les choses en main.	Esta vez, yo me encargo de todo.
ex.radio.2.060	もう脇役はごめんだね。	Ich bin nicht länger der Handlanger.	Fini de jouer les seconds rôles.	Se acabó eso de ser el ayudante.
ex.radio.2.061	お前はきっとうまそうだな！	Du schmeckst bestimmt köstlich!	Tu dois être délicieux !	¡Seguro que estás delicioso!
ex.radio.2.062	今のところ、そ、そんなに悪くないね…	Bis jetzt ist es gar nicht so s-schlimm...	Pour l'instant, ce n'est p-pas si mal...	Por ahora no está t-t-tan mal...
ex.radio.2.063	で、どこが難しいんだ？	Und wo ist hier die Herausforderung?	Alors, il est où, le défi ?	¿Y dónde está el desafío?
ex.radio.2.064	油断するなよ…	Werd bloß nicht leichtsinnig...	Ne te relâche pas trop...	No te confíes demasiado...
ex.radio.2.065	こういう場所は大好きだよ！	Das ist ein Ort nach meinem Geschmack!	Voilà un endroit comme je les aime !	¡Este sí que es mi tipo de lugar!
ex.radio.2.066	羽をぬらさないようにしないとな！	Bloß nicht die Federn nass machen!	Pas question de mouiller mes plumes !	¡Más vale que no me moje las plumas!
ex.radio.2.067	忘れるな、機体は水に潜れないぞ！	Nicht vergessen: Unsere Schiffe können nicht tauchen!	N'oubliez pas : nos vaisseaux ne peuvent pas plonger !	¡Recuerden que nuestras naves no pueden sumergirse!
ex.radio.2.068	銀河は安全だと思っているかもしれんが…	Du glaubst vielleicht, die Galaxie sei sicher...	Tu crois peut-être la galaxie en sécurité...	Puede que creas que la galaxia está a salvo...
ex.radio.2.069	お前が見たのはほんの一部にすぎん！	Doch du hast kaum an der Oberfläche gekratzt!	Mais tu n'as fait qu'effleurer la surface !	¡Pero apenas has visto la superficie!
ex.radio.2.070	好きなだけ宇宙を探し回るがいい…	Erkunde den Kosmos, so viel du willst...	Explore le cosmos tant que tu voudras...	Explora el cosmos cuanto quieras...
ex.radio.2.071	…だが、我々には決して勝てん！	...doch uns wirst du niemals besiegen!	...mais tu ne nous vaincras jamais !	...¡pero nunca nos vencerás!
ex.radio.2.072	訓練へようこそ！	Willkommen beim Training!	Bienvenue à l'entraînement !	¡Bienvenido al entrenamiento!
ex.radio.2.073	操作タイプはAかCがおすすめだ！	Steuerung A oder C wird empfohlen!	Les commandes A ou C sont recommandées !	¡Recomiendo el control de tipo A o C!
ex.radio.2.074	LとRで機体を傾けられる。	Mit L und R neigst du dein Schiff.	Utilise L et R pour incliner ton vaisseau.	Usa L y R para inclinar la nave.
ex.radio.2.075	LかRを素早く2回押すとローリングだ！	Drücke L oder R zweimal für eine Fassrolle!	Appuie deux fois sur L ou R pour faire un tonneau !	¡Pulsa L o R dos veces para hacer un tonel!
ex.radio.2.076	機体を傾けると素早く移動できるぞ！	Neige dein Schiff, um dich schneller zu bewegen!	Incline ton vaisseau pour te déplacer plus vite !	¡Inclina la nave para moverte más rápido!
ex.radio.2.077	生き残るにはローリングも欠かせない！	Fassrollen sind auch überlebenswichtig!	Les tonneaux sont aussi essentiels pour survivre !	¡Los toneles también son esenciales para sobrevivir!
ex.radio.2.078	積極的に使うんだ！	Setze sie oft ein!	Utilise-les souvent !	¡Úsalos a menudo!
ex.radio.2.079	さあ、銀河を守りに行くんだ！	Jetzt los, beschütze die Galaxie!	Maintenant, va protéger la galaxie !	¡Ahora ve y protege la galaxia!
ex.radio.2.080	自己紹介をさせてもらおう。	Ich möchte mich vorstellen.	Permets-moi de me présenter.	Permíteme presentarme.
ex.radio.2.081	俺はパンサー！そして…	Ich bin Panther! Und...	Je suis Panther ! Et...	¡Soy Panther! Y...
ex.radio.2.082	この薔薇を見た者には死が訪れる！	Wer meine Rose sieht, findet den Tod!	Quiconque voit ma rose rencontre la mort !	¡Quien ve mi rosa encuentra la muerte!
ex.radio.2.083	ウルフの所には行かせん！	Du wirst Wolf nie erreichen!	Tu n'atteindras jamais Wolf !	¡Nunca llegarás hasta Wolf!
ex.radio.2.084	そう簡単には止められんぞ！	So leicht hältst du mich nicht auf!	Tu ne m'arrêteras pas si facilement !	¡No me detendrás tan fácilmente!
ex.radio.2.085	まさか！？お、俺が…	Wie kann das sein?! I-ich wurde...	Comment est-ce possible ?! J-j'ai été...	¡¿Cómo es posible?! M-me han...
ex.radio.2.086	ひゃあ…！？	Häää...!?	Hééé... !?	¡¿Haaa...?!
ex.radio.2.087	ピッ、ポッ…ひゃああ！	Piep, bup... Hyaaaa!	Bip, boup... Hyaaaa !	Bip, bup... ¡Hyaaaa!
ex.radio.2.088	うわあ。あの頭は何だ？	Wooow. Was sind das für Köpfe?	Ouaah. C'est quoi, toutes ces têtes ?	Vaya... ¿Qué son todas esas cabezas?
ex.radio.2.089	あ、待てよ、ポッ。俺だった。	Ach, warte, bup. Das bin ja ich.	Ah, attends, boup. C'est moi.	Ah, espera, bup. Soy yo.
ex.radio.2.090	ピッ、ピッ、ポッ。	Piep, piep, bup.	Bip, bip, boup.	Bip, bip, bup.
ex.radio.2.091	ヤハハ！見つかっちゃった！	Yahaha! Du hast mich gefunden!	Yahaha ! Tu m'as trouvé !	¡Yahaha! ¡Me encontraste!
ex.radio.2.092	だが、そんなことはどうでもいい！	Aber das spielt alles keine Rolle!	Mais tout cela n'a aucune importance !	¡Pero nada de eso importa!
ex.radio.2.093	ドドンゴを爆破する時間だ！	Zeit, ein paar Dodongos zu sprengen!	Il est temps de bombarder des Dodongos !	¡Hora de bombardear unos dodongos!
ex.radio.2.094	ごきげんよう、スターフォックス！	Seid gegrüßt, Team Star Fox!	Salutations, équipe Star Fox !	¡Saludos, equipo Star Fox!
ex.radio.2.095	進む方向は合っているぞ。	Ihr seid auf dem richtigen Weg.	Vous allez dans la bonne direction.	Van por el camino correcto.
ex.radio.2.096	行く前に、君たちは…	Bevor ihr geht, habt ihr...	Avant de partir, avez-vous...	Antes de irse, ¿tienen...
ex.radio.2.097	…挑戦する気はあるか？	...Lust auf eine Herausforderung?	...envie d'un défi ?	...ganas de un desafío?
