en	ja	de	fr	es
HUD LAYOUT	HUD配置	HUD-LAYOUT	DISPOSITION HUD	DISEÑO DEL HUD
EX HUD	EX HUD	EX HUD	HUD EX	HUD EX
ACTION	操作	AKTION	ACTION	ACCIÓN
UP	上	OBEN	HAUT	ARRIBA
DOWN	下	UNTEN	BAS	ABAJO
LEFT	左	LINKS	GAUCHE	IZQUIERDA
RIGHT	右	RECHTS	DROITE	DERECHA
RESET	リセット	ZURÜCKSETZEN	RÉINITIALISER	RESTABLECER
YES	はい	JA	OUI	SÍ
NO	いいえ	NEIN	NON	NO
EXIT GAME?	ゲームを終了？	SPIEL BEENDEN?	QUITTER LE JEU ?	¿SALIR DEL JUEGO?
YES       NO	はい       いいえ	JA       NEIN	OUI       NON	SÍ       NO
PRESS A KEY OR CONTROL	キーかボタンを押す	TASTE ODER KNOPF DRÜCKEN	APPUYEZ SUR UNE TOUCHE	PULSA UNA TECLA O BOTÓN
KEYBOARD	キーボード	TASTATUR	CLAVIER	TECLADO
B DONE	B 完了	B FERTIG	B TERMINER	B TERMINAR
Y RESET	Y リセット	Y ZURÜCKSETZEN	Y RÉINITIALISER	Y RESTABLECER
GOD MODE OFF	無敵モード OFF	UNVERWUNDBAR AUS	INVINCIBILITÉ NON	INVENCIBILIDAD NO
GOD MODE ON	無敵モード ON	UNVERWUNDBAR EIN	INVINCIBILITÉ OUI	INVENCIBILIDAD SÍ
REWIND DISABLED	巻き戻し無効	RÜCKSPULEN AUS	RETOUR ARRIÈRE NON	REBOBINADO NO
REWIND ENABLED	巻き戻し有効	RÜCKSPULEN EIN	RETOUR ARRIÈRE OUI	REBOBINADO SÍ
SHARP	シャープ	SCHARF	NET	NÍTIDO
EDGE	輪郭	KANTE	CONTOUR	BORDE
HDR EFFECT	HDR効果	HDR-EFFEKT	EFFET HDR	EFECTO HDR
CHROMATIC ABERRATION	色収差	CHROMATISCHE ABERRATION	ABERRATION CHROMATIQUE	ABERRACIÓN CROMÁTICA
ENHANCED SHADOWS	高品質な影	VERBESSERTE SCHATTEN	OMBRES AMÉLIORÉES	SOMBRAS MEJORADAS
CEL-DRAWN	セル画風	CEL-SHADING	DESSIN ANIMÉ	DIBUJO ANIMADO
INK	インク	TUSCHE	ENCRE	TINTA
NEON	ネオン	NEON	NÉON	NEÓN
MONOCHROME	モノクロ	MONOCHROM	MONOCHROME	MONOCROMO
DITHERED	ディザ	RASTERUNG	TRAMAGE	TRAMADO
BLUEPRINT	青写真	BLAUPAUSE	PLAN BLEU	PLANO AZUL
BLOOM	ブルーム	BLOOM	BLOOM	BLOOM
SEPIA	セピア	SEPIA	SÉPIA	SEPIA
THERMAL	サーモグラフィー	WÄRMEBILD	THERMIQUE	TÉRMICO
NIGHT VISION	暗視	NACHTSICHT	VISION NOCTURNE	VISIÓN NOCTURNA
PASTEL	パステル	PASTELL	PASTEL	PASTEL
COMIC	コミック	COMIC	BANDE DESSINÉE	CÓMIC
VAPORWAVE	ヴェイパーウェイヴ	VAPORWAVE	VAPORWAVE	VAPORWAVE
NOT FOUND	見つかりません	NICHT GEFUNDEN	INTROUVABLE	NO ENCONTRADO
HIGH	強	HOCH	ÉLEVÉ	ALTO
LIGHT	弱	LEICHT	LÉGER	LIGERO
ORIGINAL	オリジナル	ORIGINAL	ORIGINAL	ORIGINAL
STARFOX EX	STARFOX EX	STARFOX EX	STARFOX EX	STARFOX EX
GPU	GPU	GPU	GPU	GPU
SOFTWARE	ソフトウェア	SOFTWARE	LOGICIEL	SOFTWARE
UNLOCKED 20 HZ	固定20HZ	FESTE 20 HZ	20 HZ FIXES	20 HZ FIJOS
4 BY 3 STANDARD	4:3 標準	4:3 STANDARD	4:3 STANDARD	4:3 ESTÁNDAR
16 BY 9 WIDE	16:9 ワイド	16:9 BREIT	16:9 LARGE	16:9 PANORÁMICO
16 BY 10 WIDE	16:10 ワイド	16:10 BREIT	16:10 LARGE	16:10 PANORÁMICO
21 BY 9 ULTRA	21:9 ウルトラワイド	21:9 ULTRABREIT	21:9 ULTRALARGE	21:9 ULTRAPANORÁMICO
32 BY 9 SUPER	32:9 スーパーワイド	32:9 SUPERBREIT	32:9 SUPERLARGE	32:9 SUPERPANORÁMICO
WIREFRAME THICKNESS	ワイヤーの太さ	LINIENSTÄRKE	ÉPAISSEUR DES LIGNES	GROSOR DE LÍNEAS
OPTIONS	設定	OPTIONEN	OPTIONS	OPCIONES
LANGUAGE	言語	SPRACHE	LANGUE	IDIOMA
BACK	戻る	ZURÜCK	RETOUR	VOLVER
START GAME	ゲーム開始	SPIEL STARTEN	JOUER	INICIAR JUEGO
EXPERIENCE	ゲーム	SPIELVERSION	VERSION	VERSIÓN
PACE/SPEED	ゲーム速度	SPIELTEMPO	VITESSE DU JEU	RITMO/VELOCIDAD
RENDER FPS	描画FPS	BILDRATE	FPS AFFICHÉS	FPS DE RENDER
DISPLAY	画面比率	BILDFORMAT	FORMAT D'ÉCRAN	PANTALLA
RENDERER	描画方式	RENDERER	MOTEUR GRAPHIQUE	RENDERIZADOR
MSU-1 MUSIC	MSU-1音楽	MSU-1-MUSIK	MUSIQUE MSU-1	MÚSICA MSU-1
RUMBLE	振動	VIBRATION	VIBRATION	VIBRACIÓN
ANTI-ALIASING	アンチエイリアス	KANTENGLÄTTUNG	ANTICRÉNELAGE	SUAVIZADO DE BORDES
2D FILTER	2Dフィルター	2D-FILTER	FILTRE 2D	FILTRO 2D
RENDER UPSCALE	描画解像度	RENDERSKALIERUNG	ÉCHELLE RENDU	ESCALA DE RENDER
RTX LIGHTING	RTXライティング	RTX-BELEUCHTUNG	ÉCLAIRAGE RTX	ILUMINACIÓN RTX
VSYNC	垂直同期	VSYNC	SYNCHRO VERTICALE	SINCRONIZACIÓN VERTICAL
MODEL EFFECTS	モデル効果	MODELLEFFEKTE	EFFETS DES MODÈLES	EFECTOS DE MODELOS
WORLD EFFECTS	背景効果	WELTEFFEKTE	EFFETS DU DÉCOR	EFECTOS DEL ENTORNO
PREVIEW	プレビュー	VORSCHAU	APERÇU	VISTA PREVIA
3D BLOOM	3Dブルーム	3D-BLOOM	BLOOM 3D	BLOOM 3D
2D BLOOM	2Dブルーム	2D-BLOOM	BLOOM 2D	BLOOM 2D
3D SMOOTHING	3Dスムージング	3D-GLÄTTUNG	LISSAGE 3D	SUAVIZADO 3D
2D OPTIONS	2D設定	2D-OPTIONEN	OPTIONS 2D	OPCIONES 2D
3D OPTIONS	3D設定	3D-OPTIONEN	OPTIONS 3D	OPCIONES 3D
MODEL EFFECT INTENSITY	モデル効果の強さ	MODELL-EFFEKTSTÄRKE	INTENS. EFFETS MODÈLES	INTENS. EFECTO MODELOS
WORLD EFFECT INTENSITY	背景効果の強さ	WELT-EFFEKTSTÄRKE	INTENS. EFFETS DÉCOR	INTENS. EFECTO ENTORNO
GOD MODE	無敵モード	UNVERWUNDBAR	INVINCIBILITÉ	INVENCIBILIDAD
ON-SCREEN FPS	FPS表示	FPS ANZEIGEN	AFFICHER LES FPS	MOSTRAR FPS
CROSSHAIR COLOR	照準の色	FADENKREUZFARBE	COULEUR DU VISEUR	COLOR DE LA MIRA
CUSTOMIZE SCREEN	画面配置を変更	HUD ANPASSEN	PERSONNALISER L'ÉCRAN	PERSONALIZAR PANTALLA
ON-SCREEN BUTTONS	画面上のボタン	BILDSCHIRMTASTEN	BOUTONS TACTILES	BOTONES EN PANTALLA
SWAP A/B + Y/X	A/B・Y/Xを交換	A/B + Y/X TAUSCHEN	INVERSER A/B + Y/X	INTERCAMBIAR A/B + Y/X
MUSIC VOLUME	音楽の音量	MUSIKLAUTSTÄRKE	VOLUME MUSIQUE	VOLUMEN DE MÚSICA
SFX VOLUME	効果音の音量	EFFEKTLAUTSTÄRKE	VOLUME EFFETS SONORES	VOLUMEN DE EFECTOS
CONTROLLER	コントローラー	CONTROLLER	MANETTE	MANDO
CONTROLLER REMAP	ボタン割り当て	TASTENBELEGUNG	CONFIGURER LA MANETTE	CONFIGURAR MANDO
A  OPEN	A  開く	A  ÖFFNEN	A  OUVRIR	A  ABRIR
A  REMAP	A  設定	A  BELEGEN	A  CONFIGURER	A  CONFIGURAR
ON	オン	EIN	OUI	SÍ
OFF	オフ	AUS	NON	NO
LOW	弱	NIEDRIG	FAIBLE	BAJO
MEDIUM	中	MITTEL	MOYEN	MEDIO
HEAVY	強	STARK	FORT	ALTO
GREEN	緑	GRÜN	VERT	VERDE
WHITE	白	WEISS	BLANC	BLANCO
BLUE	青	BLAU	BLEU	AZUL
RED	赤	ROT	ROUGE	ROJO
YELLOW	黄	GELB	JAUNE	AMARILLO
CYAN	シアン	CYAN	CYAN	CIAN
MAGENTA	マゼンタ	MAGENTA	MAGENTA	MAGENTA
ORANGE	オレンジ	ORANGE	ORANGE	NARANJA
D-PAD  CHOOSE	十字キー  選択	STEUERKREUZ  WÄHLEN	CROIX  CHOISIR	CRUCETA  ELEGIR
LEFT/RIGHT  DEVICE	左右  デバイス	LINKS/RECHTS  GERÄT	GAUCHE/DROITE  APPAREIL	IZQ./DER.  DISPOSITIVO
A  BIND   Y  DEFAULTS	A  割り当て  Y  初期設定	A  BELEGEN  Y  STANDARD	A  ASSIGNER  Y  DÉFAUT	A  ASIGNAR  Y  RESTABLECER
B/START/ESC  DONE	B/START/ESC  完了	B/START/ESC  FERTIG	B/START/ESC  TERMINER	B/START/ESC  TERMINAR
